<?xml version="1.0" encoding="UTF-8" ?>
<!DOCTYPE configuration
  PUBLIC "-//mybatis.org//DTD Config 3.0//EN"
  "http://mybatis.org/dtd/mybatis-3-config.dtd">
<configuration>
	<properties resource="jdbc.properties" />
	<settings>
		<!-- 开启驼峰匹配 -->
		<setting name="mapUnderscoreToCamelCase" value="true" />
	</settings>
	<typeAliases>
		<!-- 设置别名 -->
		<package name="cn.itcast.mybatis.pojo" />
	</typeAliases>

	<plugins>
		<plugin interceptor="com.github.abel533.mapperhelper.MapperInterceptor">
			<!-- 主键生成方式 -->
			<property name="IDENTITY" value="MYSQL" />
			<!-- 指定了Mapper接口 -->
			<property name="mappers" value="com.github.abel533.mapper.Mapper" />
		</plugin>
	</plugins>

	<!-- 配置数据库连接的环境 -->
	<environments default="development">
		<environment id="development">
			<transactionManager type="JDBC" />
			<dataSource type="POOLED">
				<property name="driver" value="${jdbc.driver}" />
				<property name="url" value="${jdbc.url}" />
				<property name="username" value="${jdbc.username}" />
				<property name="password" value="${jdbc.password}" />
			</dataSource>
		</environment>
	</environments>
	<mappers>
		<!-- 引入Mapper.xml -->
		<!-- <mapper resource="UserMapper.xml" /> -->
		
		<package name="cn.itcast.mybatis.mapper"/>
	</mappers>
</configuration>